Season,GROUP_VALUE,BLKA_percentile,FGM,FGM_percentile,FGA,FGA_percentile,FG3M,FG3M_percentile,FG3A,FG3A_percentile,FG_PCT,FG_PCT_percentile,FG3_PCT,FG3_PCT_percentile,EFG_PCT,EFG_PCT_percentile,PCT_AST_2PM,PCT_AST_2PM_percentile,PCT_UAST_2PM,PCT_UAST_2PM_percentile,PCT_AST_3PM,PCT_AST_3PM_percentile,PCT_UAST_3PM,PCT_UAST_3PM_percentile,PCT_AST_FGM,PCT_AST_FGM_percentile,PCT_UAST_FGM,PCT_UAST_FGM_percentile
2024-25 2H,Backcourt,35.14115898959881,0.0,15.76523031203566,0.038461538461538464,21.188707280832094,0.0,34.205052005943536,0.038461538461538464,61.20356612184249,0.0,15.76523031203566,0.0,34.205052005943536,0.0,15.76523031203566,0.0,32.719167904903415,0.0,34.41307578008915,0.0,34.38335809806835,0.0,45.0520059435364,0.0,17.087667161961367,0.0,29.465081723625556
2024-25 1H,Backcourt,31.041844577284373,0.0,14.70253344719613,0.14583333333333334,30.515229148875605,0.0,33.333333333333336,0.14583333333333334,67.12211784799317,0.0,14.70253344719613,0.0,33.333333333333336,0.0,14.70253344719613,0.0,32.23740392826644,0.0,33.731853116994024,0.0,33.432963279248504,0.0,43.87987475092514,0.0,15.684600056931398,0.0,27.597495018502705
2023-24,Backcourt,27.19565954560868,0.0,12.258392675483215,0.05063291139240506,20.786707358426586,0.0,32.26517463546965,0.05063291139240506,61.81756527636487,0.0,12.258392675483215,0.0,32.26517463546965,0.0,12.258392675483215,0.0,30.53577483892845,0.0,32.02780603594439,0.0,32.31603933536792,0.0,42.675483214649034,0.0,12.868769074262461,0.0,24.720244150559513
