Season,GROUP_VALUE,BLKA_percentile,FGM,FGM_percentile,FGA,FGA_percentile,FG3M,FG3M_percentile,FG3A,FG3A_percentile,FG_PCT,FG_PCT_percentile,FG3_PCT,FG3_PCT_percentile,EFG_PCT,EFG_PCT_percentile,PCT_AST_2PM,PCT_AST_2PM_percentile,PCT_UAST_2PM,PCT_UAST_2PM_percentile,PCT_AST_3PM,PCT_AST_3PM_percentile,PCT_UAST_3PM,PCT_UAST_3PM_percentile,PCT_AST_FGM,PCT_AST_FGM_percentile,PCT_UAST_FGM,PCT_UAST_FGM_percentile
2024-25 2H,In The Paint (Non-RA),99.24219910846953,1.5384615384615385,90.20802377414562,2.9615384615384617,88.91530460624071,0.0,34.205052005943536,0.0,30.208023774145616,0.519,76.46359583952452,0.0,34.205052005943536,0.519,62.570579494799404,0.25,68.39524517087666,0.75,94.72511144130758,0.0,34.38335809806835,0.0,45.0520059435364,0.25,37.16196136701337,0.75,94.36849925705795
2024-25 1H,In The Paint (Non-RA),92.1576999715343,0.6666666666666666,78.25220609165956,1.6666666666666667,80.95644748078566,0.0,33.333333333333336,0.0,28.835752917734133,0.4,61.400512382578995,0.0,33.333333333333336,0.4,46.21406205522346,0.313,68.44577284372332,0.688,94.27839453458583,0.0,33.432963279248504,0.0,43.87987475092514,0.313,35.48249359521776,0.688,93.93680614859095
2023-24,In The Paint (Non-RA),90.01356391997287,0.8860759493670886,80.06103763987792,2.329113924050633,83.75720583248558,0.0,32.26517463546965,0.0,27.636486944727025,0.38,53.03492709393014,0.0,32.26517463546965,0.38,37.97897592404205,0.214,62.495761275008476,0.786,97.3889454052221,0.0,32.31603933536792,0.0,42.675483214649034,0.214,27.1617497456765,0.786,97.35503560528993
