Season,GROUP_VALUE,BLKA_percentile,FGM,FGM_percentile,FGA,FGA_percentile,FG3M,FG3M_percentile,FG3A,FG3A_percentile,FG_PCT,FG_PCT_percentile,FG3_PCT,FG3_PCT_percentile,EFG_PCT,EFG_PCT_percentile,PCT_AST_2PM,PCT_AST_2PM_percentile,PCT_UAST_2PM,PCT_UAST_2PM_percentile,PCT_AST_3PM,PCT_AST_3PM_percentile,PCT_UAST_3PM,PCT_UAST_3PM_percentile,PCT_AST_FGM,PCT_AST_FGM_percentile,PCT_UAST_FGM,PCT_UAST_FGM_percentile
2024-25 2H,Restricted Area,98.69242199108469,3.3076923076923075,98.36552748885586,4.961538461538462,96.50817236255571,0.0,34.205052005943536,0.0,30.208023774145616,0.667,88.23179791976226,0.0,34.205052005943536,0.667,80.19316493313521,0.349,71.96136701337295,0.651,91.15898959881129,0.0,34.38335809806835,0.0,45.0520059435364,0.349,40.87667161961367,0.651,90.65378900445765
2024-25 1H,Restricted Area,99.45915172217478,2.0625,95.0185027042414,3.3333333333333335,91.83034443495588,0.0,33.333333333333336,0.0,28.835752917734133,0.619,87.6601195559351,0.0,33.333333333333336,0.619,78.60802732707089,0.414,72.77255906632509,0.586,89.93737546256762,0.0,33.432963279248504,0.0,43.87987475092514,0.414,40.09393680614859,0.586,89.31113008824367
2023-24,Restricted Area,98.54187860291624,2.6835443037974684,96.91420820617158,4.2784810126582276,94.0996948118006,0.0,32.26517463546965,0.0,27.636486944727025,0.627,88.67412682265174,0.0,32.26517463546965,0.627,79.5693455408613,0.316,65.98847066802306,0.684,93.89623601220752,0.0,32.31603933536792,0.0,42.675483214649034,0.316,30.722278738555442,0.684,93.79450661241098
