Season,GROUP_VALUE,BLKA_percentile,FGM,FGM_percentile,FGA,FGA_percentile,FG3M,FG3M_percentile,FG3A,FG3A_percentile,FG_PCT,FG_PCT_percentile,FG3_PCT,FG3_PCT_percentile,EFG_PCT,EFG_PCT_percentile,PCT_AST_2PM,PCT_AST_2PM_percentile,PCT_UAST_2PM,PCT_UAST_2PM_percentile,PCT_AST_3PM,PCT_AST_3PM_percentile,PCT_UAST_3PM,PCT_UAST_3PM_percentile,PCT_AST_FGM,PCT_AST_FGM_percentile,PCT_UAST_FGM,PCT_UAST_FGM_percentile
2024-25 2H,Mid-Range,72.22882615156017,0.7692307692307693,77.6225854383358,1.5769230769230769,76.76077265973254,0.0,34.205052005943536,0.0,30.208023774145616,0.488,69.86627043090638,0.0,34.205052005943536,0.488,56.03268945022288,0.2,67.16196136701338,0.8,95.95839524517088,0.0,34.38335809806835,0.0,45.0520059435364,0.2,35.89895988112927,0.8,95.63150074294205
2024-25 1H,Mid-Range,31.041844577284373,0.3125,64.07628807287219,1.0416666666666667,71.50583546826076,0.0,33.333333333333336,0.0,28.835752917734133,0.3,41.74494733845716,0.0,33.333333333333336,0.3,35.51095929405067,0.2,65.84116140051239,0.8,96.86877312838031,0.0,33.432963279248504,0.0,43.87987475092514,0.2,32.7355536578423,0.8,96.66951323654996
2023-24,Mid-Range,64.63207867073584,0.6329113924050633,74.72024415055951,1.6582278481012658,77.53475754493049,0.0,32.26517463546965,0.0,27.636486944727025,0.382,53.71312309257375,0.0,32.26517463546965,0.382,38.21634452356731,0.28,64.73380807053238,0.72,95.1508986096982,0.0,32.31603933536792,0.0,42.675483214649034,0.28,29.399796541200406,0.72,95.11698880976603
